"ll","R2","N","AIC"
-9.28408805975025,0.898534556724041,5,28.5681761195005
-6.09119431595508,0.933429570317431,15,42.1823886319102
-9.05362180346464,0.901053313623337,10,38.1072436069293
-2.87956681205175,0.968529324458451,30,65.7591336241035
