"Vmax","Km","CUE","k","Vmax.sd","Km.sd","CUE.sd","Km.sd","Legend","Structure"
0.563190199324464,13.3164523882921,0.808373364627135,0.00708647155919758,0.0780271033140221,2.03828235437467,0.184910653263554,0.00132328745293407,"Respiration","BROTH"
0.558558313454467,13.4473709658239,0.662666326269735,0.00344893049535676,0.102622000301764,3.35049352649556,0.15147493234544,0.000928796030077563,"Respiration","GLASS"
0.465779881690901,8.50360810772842,0.743276284809879,0.00852963490151617,0.0348972759422493,1.06647911678296,0.0291198285522244,0.00225198435311567,"Respiration","WOOL"
0.478791624491519,5.32540073374832,0.490450795727718,0.00674007454475661,0.0784758214697831,3.35728352652833,0.0415239774536698,0.00164403130159979,"Respiration & Cellular Proteins","BROTH"
0.800640229300771,25.4227331839647,0.786774048155087,0.0101869320310336,0.0429664060545419,1.69983760861054,0.0522970088398242,0.0011178689599933,"Respiration & Cellular Proteins","GLASS"
0.425399038447201,4.21684969658228,0.773419217377041,0.00422391575968733,0.136240411722403,6.55856160869285,0.0521108833130872,0.0017995746642643,"Respiration & Cellular Proteins","WOOL"
0.417468189377664,3.15487679117758,0.788385963459098,0.0143248115851117,0.0318936649800731,0.216623573822266,0.131237384383886,0.000381096346591621,"Respiration & DNA","BROTH"
1.00956114936832,31.7265522859877,0.593650408518731,0.00664203843898926,0.0283306266809409,0.535243818932133,0.103510030456052,0.000573919515778304,"Respiration & DNA","GLASS"
0.30780175415816,0.547116655568129,0.855910420595447,0.0104398410423339,0.0414912619009484,1.79843253229547,0.0201893840354404,0.000372555543816223,"Respiration & DNA","WOOL"
