"SSres","SStot","ll","R2","N","AIC"
1.06582026417595,12.3362434782609,-7.90536878944996,0.913602526891257,7,29.8107375788999
0.526780781023624,12.3362434782609,-3.90722196336358,0.957298120618977,21,49.8144439267272
1.00989366660995,12.3362434782609,-7.49055177596392,0.918136046164329,14,42.9811035519278
0.330378528694961,12.3362434782609,-2.45047330890154,0.973218870940967,42,88.9009466178031
